{"ganancia_total": 5435379950.0, "gasto_total": 4580465117.799999, "ganancia_neta": 854914832.2, "gasto_optimizado": 4351441861.909999, "ganancia_neta_opt": 1083938088.1, "porcentaje_neto_opt": 19.94, "diferencia_ganancia": 229023255.9, "diferencia_porcentaje": 4.21}